<?xml version="1.0" encoding="UTF-8"?>
<project-private xmlns="http://www.netbeans.org/ns/project-private/1">
    <editor-bookmarks xmlns="http://www.netbeans.org/ns/editor-bookmarks/2" lastBookmarkId="0"/>
    <open-files xmlns="http://www.netbeans.org/ns/projectui-open-files/2">
        <group>
            <file>file:/home/luisitopapurey/Escritorio/PRACTICA%202%20IPC1%202019/Practica2/src/practica2/PantallaJuego.java</file>
            <file>file:/home/luisitopapurey/Escritorio/PRACTICA%202%20IPC1%202019/Practica2/src/practica2/HilosTorre.java</file>
            <file>file:/home/luisitopapurey/Escritorio/PRACTICA%202%20IPC1%202019/Practica2/src/practica2/HilosAlfil.java</file>
            <file>file:/home/luisitopapurey/Escritorio/PRACTICA%202%20IPC1%202019/Practica2/src/practica2/Practica2.java</file>
        </group>
    </open-files>
</project-private>
